<?xml version="1.0" encoding="UTF-8" standalone="no"?>
<event category="COLLISION" with="object_Sonic">
  <actions>
    <action id="603" library="1">
      <!--action name: Code-->
      <kind>CODE</kind>
      <allowRelative>false</allowRelative>
      <question>false</question>
      <canApplyTo>true</canApplyTo>
      <actionType>CODE</actionType>
      <functionName/>
      <relative>false</relative>
      <not>false</not>
      <appliesTo>.self</appliesTo>
      <arguments>
        <argument kind="STRING">with (object_Gate) {
    if (gate_id == other.switch_id) {instance_change(object_Gate_Open, false);}
}

with (object_Gate_Horizontal) {
    if (gate_id == other.switch_id) {instance_change(object_Gate_Open_Horizontal, false);}
}</argument>
      </arguments>
    </action>
  </actions>
</event>
