<?xml version="1.0" encoding="UTF-8" standalone="no"?>
<event category="STEP" id="0">
  <actions>
    <action id="603" library="1">
      <!--action name: Code-->
      <kind>CODE</kind>
      <allowRelative>false</allowRelative>
      <question>false</question>
      <canApplyTo>true</canApplyTo>
      <actionType>CODE</actionType>
      <functionName/>
      <relative>false</relative>
      <not>false</not>
      <appliesTo>.self</appliesTo>
      <arguments>
        <argument kind="STRING">if (place_meeting(x, y, object_Sonic)) {
    if (!touched_sonic) {
        touched_sonic = true;
        sound_play(sound_switch);
    }
}

if (!place_meeting(x, y, object_Sonic)) {touched_sonic = false;}</argument>
      </arguments>
    </action>
  </actions>
</event>
