<?xml version="1.0" encoding="UTF-8" standalone="no"?>
<event category="OTHER" id="7">
  <actions>
    <action id="603" library="1">
      <!--action name: Code-->
      <kind>CODE</kind>
      <allowRelative>false</allowRelative>
      <question>false</question>
      <canApplyTo>true</canApplyTo>
      <actionType>CODE</actionType>
      <functionName/>
      <relative>false</relative>
      <not>false</not>
      <appliesTo>.self</appliesTo>
      <arguments>
        <argument kind="STRING">instance_destroy();
if (object_Sonic.zone == 7) {
    with(object_Sonic) {instance_destroy();}
    room_goto_next();
}</argument>
      </arguments>
    </action>
  </actions>
</event>
