<?xml version="1.0" encoding="UTF-8" standalone="no"?>
<resources>
  <resource name="sprite_sonic" type="RESOURCE"/>
  <resource name="sprite_sonic_flash" type="RESOURCE"/>
  <resource name="sprite_sonic_spin" type="RESOURCE"/>
  <resource name="sprite_sonic_crouch" type="RESOURCE"/>
  <resource name="sprite_sonic_look_up" type="RESOURCE"/>
  <resource name="sprite_sonic_running" type="RESOURCE"/>
  <resource name="sprite_super_sonic" type="RESOURCE"/>
  <resource name="sprite_sonic_walking" type="RESOURCE"/>
  <resource name="sprite_sonic_dead" type="RESOURCE"/>
</resources>
