<?xml version="1.0" encoding="UTF-8" standalone="no"?>
<event category="ALARM" id="0">
  <actions>
    <action id="603" library="1">
      <!--action name: Code-->
      <kind>CODE</kind>
      <allowRelative>false</allowRelative>
      <question>false</question>
      <canApplyTo>true</canApplyTo>
      <actionType>CODE</actionType>
      <functionName/>
      <relative>false</relative>
      <not>false</not>
      <appliesTo>.self</appliesTo>
      <arguments>
        <argument kind="STRING">up = true;
if (place_meeting(x, y, object_Sonic)) {
    object_Sonic.y -= 24;
    if (!sound_isplaying(sound_flipper)) {sound_play(sound_flipper);}
    object_Sonic.vspeed = -28;
}
alarm[1] = 30;</argument>
      </arguments>
    </action>
  </actions>
</event>
