<?xml version="1.0" encoding="UTF-8" standalone="no"?>
<resources>
  <resource name="sprite_platform" type="RESOURCE"/>
  <resource name="sprite_top" type="RESOURCE"/>
  <resource name="sprite_wall" type="RESOURCE"/>
  <resource name="sprite_spring" type="RESOURCE"/>
  <resource name="sprite_lives" type="RESOURCE"/>
  <resource name="Start" type="GROUP"/>
  <resource name="Sonic" type="GROUP"/>
  <resource name="TVs" type="GROUP"/>
  <resource name="Materials" type="GROUP"/>
  <resource filename="Decoration" name="Decoration " type="GROUP"/>
  <resource name="Mobs" type="GROUP"/>
  <resource name="Dr Robonic" type="GROUP"/>
  <resource name="Tunnels" type="GROUP"/>
  <resource name="Bouncers" type="GROUP"/>
  <resource name="sprite_ring" type="RESOURCE"/>
  <resource name="sprite_ladder" type="RESOURCE"/>
  <resource name="sprite_spikes" type="RESOURCE"/>
  <resource name="sprite_spikes_upsidedown" type="RESOURCE"/>
  <resource name="sprite_spikes_right" type="RESOURCE"/>
  <resource name="sprite_spikes_left" type="RESOURCE"/>
  <resource name="sprite_lamppost" type="RESOURCE"/>
  <resource name="sprite_lamp_post_got" type="RESOURCE"/>
  <resource name="sprite_end_tv" type="RESOURCE"/>
  <resource name="sprite_end_tv_got" type="RESOURCE"/>
  <resource name="sprite_spring_left" type="RESOURCE"/>
  <resource name="sprite_spring_right" type="RESOURCE"/>
  <resource name="sprite_exploding" type="RESOURCE"/>
  <resource name="sprite_gate" type="RESOURCE"/>
  <resource name="sprite_gate_horizontal" type="RESOURCE"/>
  <resource name="sprite_switch" type="RESOURCE"/>
  <resource name="sprite_switch_pressed" type="RESOURCE"/>
  <resource name="sprite_saw" type="RESOURCE"/>
  <resource name="sprite_ball" type="RESOURCE"/>
  <resource name="sprite_star" type="RESOURCE"/>
  <resource name="sprite_mask_128x128" type="RESOURCE"/>
  <resource name="sprite_mask_128x32" type="RESOURCE"/>
  <resource name="sprite_crushing_block" type="RESOURCE"/>
  <resource name="sprite_fan_up" type="RESOURCE"/>
  <resource name="sprite_fan_down" type="RESOURCE"/>
  <resource name="sprite_saw_bucket" type="RESOURCE"/>
  <resource name="sprite_spike_ball" type="RESOURCE"/>
  <resource name="sprite_wood" type="RESOURCE"/>
  <resource name="sprite_arrow_down" type="RESOURCE"/>
  <resource name="sprite_cable_car" type="RESOURCE"/>
  <resource name="sprite_tornado" type="RESOURCE"/>
  <resource name="sprite_woden_block" type="RESOURCE"/>
  <resource name="sprite_destructible_block" type="RESOURCE"/>
  <resource name="sprite_martian_background" type="RESOURCE"/>
  <resource name="sprite_pinball_background" type="RESOURCE"/>
  <resource name="sprite_flipper_down" type="RESOURCE"/>
  <resource name="sprite_flipper_up" type="RESOURCE"/>
  <resource name="sprite_flipper_down_right" type="RESOURCE"/>
  <resource name="sprite_flipper_up_right" type="RESOURCE"/>
  <resource name="sprite_spring_woosh" type="RESOURCE"/>
  <resource name="sprite_pinball_crushing_block" type="RESOURCE"/>
  <resource name="sprite_spring_woosh_base_full" type="RESOURCE"/>
  <resource name="sprite_spring_woosh_base_bottom" type="RESOURCE"/>
  <resource name="sprite_spring_platform" type="RESOURCE"/>
  <resource name="sprite_pinball" type="RESOURCE"/>
  <resource name="sprite_pinball_spawn" type="RESOURCE"/>
  <resource name="sprite_pinball_spawn_right" type="RESOURCE"/>
  <resource name="sprite_half_height_block" type="RESOURCE"/>
  <resource name="sprite_spiral" type="RESOURCE"/>
  <resource name="sprite_spiral_detect" type="RESOURCE"/>
</resources>
