<?xml version="1.0" encoding="UTF-8" standalone="no"?>
<resources>
  <resource name="object_Start_Control" type="RESOURCE"/>
  <resource name="object_Sonic" type="RESOURCE"/>
  <resource name="object_View" type="RESOURCE"/>
  <resource name="object_UI" type="RESOURCE"/>
  <resource name="object_Platform" type="RESOURCE"/>
  <resource name="object_Top" type="RESOURCE"/>
  <resource name="object_Wall" type="RESOURCE"/>
  <resource name="object_Ring" type="RESOURCE"/>
  <resource name="object_Ring_Got" type="RESOURCE"/>
  <resource name="Materials" type="GROUP"/>
  <resource filename="Decoration" name="Decoration " type="GROUP"/>
  <resource name="TVs" type="GROUP"/>
  <resource name="Tunnels" type="GROUP"/>
  <resource name="Bouncers" type="GROUP"/>
  <resource name="object_Spring" type="RESOURCE"/>
  <resource name="object_Spring_Weak" type="RESOURCE"/>
  <resource name="object_Ladder" type="RESOURCE"/>
  <resource name="object_Spikes" type="RESOURCE"/>
  <resource name="object_Spikes_Upsidedown" type="RESOURCE"/>
  <resource name="object_Spikes_Right" type="RESOURCE"/>
  <resource name="object_Spikes_Left" type="RESOURCE"/>
  <resource name="object_Lamp_Post" type="RESOURCE"/>
  <resource name="object_Lamp_Post_Got" type="RESOURCE"/>
  <resource name="object_Mob" type="RESOURCE"/>
  <resource name="object_Mod_Exploding" type="RESOURCE"/>
  <resource name="object_Mob_Dead" type="RESOURCE"/>
  <resource name="object_End_TV" type="RESOURCE"/>
  <resource name="object_End_TV_Got" type="RESOURCE"/>
  <resource name="object_Spring_Left" type="RESOURCE"/>
  <resource name="object_Spring_Right" type="RESOURCE"/>
  <resource name="object_Dr_Robonic" type="RESOURCE"/>
  <resource name="object_Exploding" type="RESOURCE"/>
  <resource name="object_Gate" type="RESOURCE"/>
  <resource name="object_Gate_Horizontal" type="RESOURCE"/>
  <resource name="object_Gate_Open" type="RESOURCE"/>
  <resource name="object_Gate_Open_Horizontal" type="RESOURCE"/>
  <resource name="object_Switch" type="RESOURCE"/>
  <resource name="object_Rising_Platform" type="RESOURCE"/>
  <resource name="object_Saw" type="RESOURCE"/>
  <resource name="object_Platform_Flat" type="RESOURCE"/>
  <resource name="object_Platform_Vertical" type="RESOURCE"/>
  <resource name="object_Star" type="RESOURCE"/>
  <resource name="object_Star_Hit" type="RESOURCE"/>
  <resource name="object_Spikes_Hidden" type="RESOURCE"/>
  <resource name="object_Background" type="RESOURCE"/>
  <resource name="object_Flashing_Platform" type="RESOURCE"/>
  <resource name="object_Flashing_Platform_Hidden" type="RESOURCE"/>
  <resource name="object_Stop_Platform_Falling" type="RESOURCE"/>
  <resource name="object_Crushing_Block" type="RESOURCE"/>
  <resource name="object_Fan_Up" type="RESOURCE"/>
  <resource name="object_Fan_Down" type="RESOURCE"/>
  <resource name="object_Rotating_Platform" type="RESOURCE"/>
  <resource name="object_Saw_Bucket" type="RESOURCE"/>
  <resource name="object_Moving_Platform" type="RESOURCE"/>
  <resource name="object_Spike_Ball" type="RESOURCE"/>
  <resource name="object_Spike_Ball_Side_To_Side" type="RESOURCE"/>
  <resource name="object_Spike_Ball_Martain_Boss" type="RESOURCE"/>
  <resource name="object_Wood" type="RESOURCE"/>
  <resource name="object_Arrow_Down" type="RESOURCE"/>
  <resource name="object_Arrow_Down_Hidden" type="RESOURCE"/>
  <resource name="object_Danger" type="RESOURCE"/>
  <resource name="object_cable_car" type="RESOURCE"/>
  <resource name="object_Tornado" type="RESOURCE"/>
  <resource name="object_Woden_Block" type="RESOURCE"/>
  <resource name="object_Destructible_Block" type="RESOURCE"/>
  <resource name="object_Destructible_Block_Destroyed" type="RESOURCE"/>
  <resource name="object_Block_Crush_Detect" type="RESOURCE"/>
  <resource name="object_Block_Crush_Detect_Pinball" type="RESOURCE"/>
  <resource name="object_Spring_Woosh" type="RESOURCE"/>
  <resource name="object_Spring_Woosh_Base" type="RESOURCE"/>
  <resource name="object_Pinball_Crushing_Block" type="RESOURCE"/>
  <resource name="object_Pinball_Side_To_Side_Block" type="RESOURCE"/>
  <resource name="object_Up_And_Down_Block" type="RESOURCE"/>
  <resource name="object_Spring_Platform" type="RESOURCE"/>
  <resource name="object_Flipper" type="RESOURCE"/>
  <resource name="object_Flipper_Right" type="RESOURCE"/>
  <resource name="object_Pinball" type="RESOURCE"/>
  <resource name="sprite_Pinball_Spawn" type="RESOURCE"/>
  <resource name="sprite_Pinball_Spawn_Right" type="RESOURCE"/>
  <resource name="object_Half_Height_Block" type="RESOURCE"/>
  <resource name="object_Pinball_Platform" type="RESOURCE"/>
  <resource name="object_Credits_Control" type="RESOURCE"/>
  <resource name="object_Spiral" type="RESOURCE"/>
  <resource name="object_Spiral_Start" type="RESOURCE"/>
  <resource name="object_Spiral_End" type="RESOURCE"/>
</resources>
