<?xml version="1.0" encoding="UTF-8" standalone="no"?>
<event category="STEP" id="0">
  <actions>
    <action id="603" library="1">
      <!--action name: Code-->
      <kind>CODE</kind>
      <allowRelative>false</allowRelative>
      <question>false</question>
      <canApplyTo>true</canApplyTo>
      <actionType>CODE</actionType>
      <functionName/>
      <relative>false</relative>
      <not>false</not>
      <appliesTo>.self</appliesTo>
      <arguments>
        <argument kind="STRING">if (object_Sonic.zone == 2) {
    if (y == ystart) {
        vspeed = -4;
    } else if (y == ystart - 720) {
        vspeed = 4;
    }
} else if (object_Sonic.zone == 3) {
    if (clock mod 120 == 0) {
         instance_create(6208, 1152, object_Pinball);
         instance_create(6720, 1152, object_Pinball);
    }
    clock += 1;
}

if (object_Sonic.boss_hit &gt; 7) {
    object_Sonic.boss = false;
    object_Sonic.boss_hit = 0;
    object_Sonic.boss_hit_time = 0;
    hspeed = 0;
    sound_play(sound_mob_kill);
    if (object_Sonic.zone == 1) {
        object_Sonic.bottom_bound = room_height;
        object_Sonic.top_bound = 0;
        object_Sonic.boss_done_extra_terrestrial = true;
        with(object_Spike_Ball) {instance_destroy();}
    } else if (object_Sonic.zone == 2) {
        object_Sonic.right_bound = room_width;
        object_Sonic.bottom_bound = room_height;
        object_Sonic.top_bound = 0;
        object_Sonic.boss_done_martian = true;
    } else if (object_Sonic.zone == 3) {
        object_Sonic.right_bound = room_width;
        object_Sonic.bottom_bound = room_height;
        object_Sonic.top_bound = 0;
        object_Sonic.boss_done_pinball = true;
        with (object_Gate_Horizontal) {
            if (gate_id == 0) {instance_destroy();}
        }
    }
    instance_change(object_Exploding, true);
}</argument>
      </arguments>
    </action>
  </actions>
</event>
