<?xml version="1.0" encoding="UTF-8" standalone="no"?>
<resources>
  <resource name="Tunnels" type="GROUP"/>
  <resource name="Pinballs" type="GROUP"/>
  <resource name="path_spike_ball" type="RESOURCE"/>
  <resource name="path_rotating_platform" type="RESOURCE"/>
  <resource name="path_boss_spike_ball" type="RESOURCE"/>
  <resource name="path_pinball_spike_ball" type="RESOURCE"/>
  <resource name="path_cable_car" type="RESOURCE"/>
  <resource name="path_cable_car_backwards" type="RESOURCE"/>
  <resource name="path_spiral" type="RESOURCE"/>
  <resource name="path_spiral_reverse" type="RESOURCE"/>
</resources>
