<?xml version="1.0" encoding="UTF-8" standalone="no"?>
<path>
  <points>
    <point speed="100" x="3776" y="1856"/>
    <point speed="100" x="3952" y="1824"/>
    <point speed="100" x="4016" y="1776"/>
    <point speed="100" x="4064" y="1696"/>
    <point speed="100" x="4080" y="1632"/>
    <point speed="100" x="4064" y="1568"/>
    <point speed="100" x="4032" y="1520"/>
    <point speed="100" x="3984" y="1488"/>
    <point speed="100" x="3904" y="1456"/>
    <point speed="100" x="3824" y="1472"/>
    <point speed="100" x="3760" y="1536"/>
    <point speed="100" x="3744" y="1584"/>
    <point speed="100" x="3728" y="1648"/>
    <point speed="100" x="3760" y="1728"/>
    <point speed="100" x="3792" y="1760"/>
    <point speed="100" x="3840" y="1792"/>
    <point speed="100" x="3904" y="1808"/>
    <point speed="100" x="3968" y="1824"/>
    <point speed="100" x="4016" y="1840"/>
    <point speed="100" x="4064" y="1856"/>
  </points>
  <backgroundRoom>room_martian_act2</backgroundRoom>
  <closed>false</closed>
  <precision>4</precision>
  <smooth>true</smooth>
  <snap x="16" y="16"/>
</path>
