<?xml version="1.0" encoding="UTF-8" standalone="no"?>
<resources>
  <resource name="object_Tunnle" type="RESOURCE"/>
  <resource name="object_Tunnel_Martian_Act_1" type="RESOURCE"/>
  <resource name="object_Tunnel_Martian_Act_2" type="RESOURCE"/>
  <resource name="object_Tunnle_Pinball_Act1_T1" type="RESOURCE"/>
  <resource name="object_Tunnle_Pinball_Act1_T2" type="RESOURCE"/>
  <resource name="object_Tunnle_Pinball_Act1_T3" type="RESOURCE"/>
  <resource name="object_Tunnle_Pinball_Act2_T1" type="RESOURCE"/>
  <resource name="object_Tunnle_Pinball_Act2_T2" type="RESOURCE"/>
  <resource name="object_Tunnle_Pinball_Act2_T3" type="RESOURCE"/>
  <resource name="object_Tunnle_Pinball_Act2_T4" type="RESOURCE"/>
</resources>
