<?xml version="1.0" encoding="UTF-8" standalone="no"?>
<event category="DRAW" id="0">
  <actions>
    <action id="603" library="1">
      <!--action name: Code-->
      <kind>CODE</kind>
      <allowRelative>false</allowRelative>
      <question>false</question>
      <canApplyTo>true</canApplyTo>
      <actionType>CODE</actionType>
      <functionName/>
      <relative>false</relative>
      <not>false</not>
      <appliesTo>.self</appliesTo>
      <arguments>
        <argument kind="STRING">switch (mob_id) {
    case 0: 
        draw_sprite(sprite_butterfly, 0, x, y);
        break;
    case 1: 
        if (yellow) {draw_circle_color(x, y, 60, c_yellow, c_yellow, false);}
        draw_sprite(sprite_mob_martian, 0, x, y);
        break;
}</argument>
      </arguments>
    </action>
  </actions>
</event>
