<?xml version="1.0" encoding="UTF-8" standalone="no"?>
<event category="ALARM" id="0">
  <actions>
    <action id="603" library="1">
      <!--action name: Code-->
      <kind>CODE</kind>
      <allowRelative>false</allowRelative>
      <question>false</question>
      <canApplyTo>true</canApplyTo>
      <actionType>CODE</actionType>
      <functionName/>
      <relative>false</relative>
      <not>false</not>
      <appliesTo>.self</appliesTo>
      <arguments>
        <argument kind="STRING">alarm[0] = 45;

switch (dir) {
    case "left": instance_change(object_Spikes_Left, false); break;
    case "right": instance_change(object_Spikes_Right, false); break;
    case "down": instance_change(object_Spikes_Upsidedown, false); break;
    default: instance_change(object_Spikes, false); break;
}

</argument>
      </arguments>
    </action>
  </actions>
</event>
