<?xml version="1.0" encoding="UTF-8" standalone="no"?>
<event category="CREATE" id="0">
  <actions>
    <action id="603" library="1">
      <!--action name: Code-->
      <kind>CODE</kind>
      <allowRelative>false</allowRelative>
      <question>false</question>
      <canApplyTo>true</canApplyTo>
      <actionType>CODE</actionType>
      <functionName/>
      <relative>false</relative>
      <not>false</not>
      <appliesTo>.self</appliesTo>
      <arguments>
        <argument kind="STRING">items[0] = instance_create(x, y, object_Platform);
items[1] = instance_create(x + 32, y, object_Platform);
items[2] = instance_create(x, y + 32, object_Top);
items[3] = instance_create(x + 32, y + 32, object_Top);
items[4] = instance_create(x, y, object_Wall);
items[5] = instance_create(x + 64, y, object_Wall);
items[6] = instance_create(x, y - 32, object_Spring);</argument>
      </arguments>
    </action>
  </actions>
</event>
