<?xml version="1.0" encoding="UTF-8" standalone="no"?>
<event category="STEP" id="2">
  <actions>
    <action id="603" library="1">
      <!--action name: Code-->
      <kind>CODE</kind>
      <allowRelative>false</allowRelative>
      <question>false</question>
      <canApplyTo>true</canApplyTo>
      <actionType>CODE</actionType>
      <functionName/>
      <relative>false</relative>
      <not>false</not>
      <appliesTo>.self</appliesTo>
      <arguments>
        <argument kind="STRING">if (x &lt;= xstart) {
    hspeed = 4;
} else if (x &gt;= 2864){
    hspeed = -4
}

var i;
for (i = 0; i &lt; 7; i += 1) {
    with (items[i]) {x = other.x;}
}</argument>
      </arguments>
    </action>
  </actions>
</event>
