<?xml version="1.0" encoding="UTF-8" standalone="no"?>
<event category="COLLISION" with="object_Platform">
  <actions>
    <action id="603" library="1">
      <!--action name: Code-->
      <kind>CODE</kind>
      <allowRelative>false</allowRelative>
      <question>false</question>
      <canApplyTo>true</canApplyTo>
      <actionType>CODE</actionType>
      <functionName/>
      <relative>false</relative>
      <not>false</not>
      <appliesTo>.other</appliesTo>
      <arguments>
        <argument kind="STRING">vspeed = 0;
</argument>
      </arguments>
    </action>
    <action id="603" library="1">
      <!--action name: Code-->
      <kind>CODE</kind>
      <allowRelative>false</allowRelative>
      <question>false</question>
      <canApplyTo>true</canApplyTo>
      <actionType>CODE</actionType>
      <functionName/>
      <relative>false</relative>
      <not>false</not>
      <appliesTo>.self</appliesTo>
      <arguments>
        <argument kind="STRING">if (hit == false) {
    alarm[0] = 5;
    hit = true;
}</argument>
      </arguments>
    </action>
  </actions>
</event>
