<?xml version="1.0" encoding="UTF-8" standalone="no"?>
<settings>
  <graphics>
    <scalingPercent>-1</scalingPercent>
    <displayCursor>false</displayCursor>
    <useVsync>false</useVsync>
    <interpolateColors>true</interpolateColors>
    <colorOutsideRoom>000000</colorOutsideRoom>
  </graphics>
  <windowing>
    <startFullscreen>true</startFullscreen>
    <dontDrawBorder>false</dontDrawBorder>
    <allowWindowResize>true</allowWindowResize>
    <alwaysOnTop>false</alwaysOnTop>
    <dontShowButtons>false</dontShowButtons>
    <switchVideoMode>false</switchVideoMode>
  </windowing>
  <splashImage>
    <showCustom>true</showCustom>
    <partiallyTransparent>false</partiallyTransparent>
    <alphaTransparency>255</alphaTransparency>
  </splashImage>
  <progressBar>
    <mode>LOADBAR_DEFAULT</mode>
    <scaleImage>true</scaleImage>
  </progressBar>
  <keys>
    <letF1ShowGameInfo>true</letF1ShowGameInfo>
    <letF4SwitchFullscreen>true</letF4SwitchFullscreen>
    <letF5SaveF6Load>true</letF5SaveF6Load>
    <letF9Screenshot>true</letF9Screenshot>
    <letEscEndGame>true</letEscEndGame>
    <treatCloseAsEscape>true</treatCloseAsEscape>
  </keys>
  <errors>
    <displayErrors>true</displayErrors>
    <writeToLog>true</writeToLog>
    <abortOnError>false</abortOnError>
    <treatUninitializedAsZero>true</treatUninitializedAsZero>
  </errors>
  <gameInfo>
    <gameId>711653</gameId>
    <author>Stefan Grace</author>
    <version>100</version>
    <information>Designed by Dominic Grace&#13;
Programmed by Stefan Grace</information>
    <versionMajor>1</versionMajor>
    <versionMinor>0</versionMinor>
    <versionRelease>0</versionRelease>
    <versionBuild>0</versionBuild>
    <company/>
    <product/>
    <copyright/>
    <description/>
    <directPlayGuid>bf814061e838474aaa43ccf8e151b3c7</directPlayGuid>
  </gameInfo>
  <system>
    <processPriority>PRIORITY_NORMAL</processPriority>
    <disableScreensavers>true</disableScreensavers>
    <freezeOnLoseFocus>true</freezeOnLoseFocus>
  </system>
  <includes>
    <overwriteExisting>false</overwriteExisting>
    <removeAtGameEnd>false</removeAtGameEnd>
    <useTempFolder>false</useTempFolder>
  </includes>
</settings>
