<?xml version="1.0" encoding="UTF-8" standalone="no"?>
<resources>
  <resource name="sprite_tunnel_martian_act_1" type="RESOURCE"/>
  <resource name="sprite_tunnel_martian_act_2" type="RESOURCE"/>
  <resource name="sprite_tunnle_pinball_act_1_t1" type="RESOURCE"/>
  <resource name="sprite_tunnle_pinball_act_1_t2" type="RESOURCE"/>
  <resource name="sprite_tunnle_pinball_act_1_t3" type="RESOURCE"/>
  <resource name="sprite_tunnle_pinball_act_2_t1" type="RESOURCE"/>
  <resource name="sprite_tunnle_pinball_act_2_t2" type="RESOURCE"/>
  <resource name="sprite_tunnle_pinball_act_2_t3" type="RESOURCE"/>
  <resource name="sprite_tunnle_pinball_act_2_t4" type="RESOURCE"/>
</resources>
