<?xml version="1.0" encoding="UTF-8" standalone="no"?>
<event category="CREATE" id="0">
  <actions>
    <action id="603" library="1">
      <!--action name: Code-->
      <kind>CODE</kind>
      <allowRelative>false</allowRelative>
      <question>false</question>
      <canApplyTo>true</canApplyTo>
      <actionType>CODE</actionType>
      <functionName/>
      <relative>false</relative>
      <not>false</not>
      <appliesTo>.self</appliesTo>
      <arguments>
        <argument kind="STRING">if (object_Sonic.act == 1) {
    if (x &lt; 3840) {
        path_start(path_pinball_act1_1, 6, 0, true);
    } else {
        path_start(path_pinball_act1_2, 6, 0, true);
    }   
} else {
    if (x &lt; 6016) {
        path_start(path_pinball_act2, 6, 0, true);
    } else {
        vspeed = 6;
    }
}</argument>
      </arguments>
    </action>
  </actions>
</event>
