<?xml version="1.0" encoding="UTF-8" standalone="no"?>
<resources>
  <resource name="path_tunnel_martian_act_1" type="RESOURCE"/>
  <resource name="path_tunnel_martian_act_2" type="RESOURCE"/>
  <resource name="path_tunnle_pinball_act_1_t1" type="RESOURCE"/>
  <resource name="path_tunnle_pinball_act_1_t2" type="RESOURCE"/>
  <resource name="path_tunnle_pinball_act_1_t3" type="RESOURCE"/>
  <resource name="path_tunnle_pinball_act_2_t1_p1" type="RESOURCE"/>
  <resource name="path_tunnle_pinball_act_2_t1_p2" type="RESOURCE"/>
  <resource name="path_tunnle_pinball_act_2_t1_p3" type="RESOURCE"/>
  <resource name="path_tunnle_pinball_act_2_t1_p4" type="RESOURCE"/>
  <resource name="path_tunnle_pinball_act_2_t1_p5" type="RESOURCE"/>
  <resource name="path_tunnle_pinball_act_2_t1_p6" type="RESOURCE"/>
  <resource name="path_tunnle_pinball_act_2_t2_p1" type="RESOURCE"/>
  <resource name="path_tunnle_pinball_act_2_t2_p2" type="RESOURCE"/>
  <resource name="path_tunnle_pinball_act_2_t3_p1" type="RESOURCE"/>
  <resource name="path_tunnle_pinball_act_2_t3_p2" type="RESOURCE"/>
  <resource name="path_tunnle_pinball_act_2_t4" type="RESOURCE"/>
</resources>
