<?xml version="1.0" encoding="UTF-8" standalone="no"?>
<path>
  <points>
    <point speed="100" x="3520" y="3392"/>
    <point speed="100" x="3488" y="3296"/>
    <point speed="100" x="3408" y="3216"/>
    <point speed="100" x="3312" y="3152"/>
    <point speed="100" x="3184" y="3120"/>
    <point speed="100" x="3024" y="3104"/>
    <point speed="100" x="2304" y="2736"/>
    <point speed="100" x="2224" y="2688"/>
    <point speed="100" x="2160" y="2624"/>
    <point speed="100" x="2128" y="2528"/>
    <point speed="100" x="2128" y="2400"/>
    <point speed="100" x="2160" y="2304"/>
    <point speed="100" x="2208" y="2240"/>
    <point speed="100" x="2272" y="2208"/>
    <point speed="100" x="2352" y="2176"/>
    <point speed="100" x="2432" y="2160"/>
    <point speed="100" x="2528" y="2160"/>
  </points>
  <backgroundRoom>room_pinball_act2</backgroundRoom>
  <closed>false</closed>
  <precision>4</precision>
  <smooth>true</smooth>
  <snap x="16" y="16"/>
</path>
