<?xml version="1.0" encoding="UTF-8" standalone="no"?>
<path>
  <points>
    <point speed="100" x="1472" y="2992"/>
    <point speed="100" x="1504" y="2880"/>
    <point speed="100" x="1552" y="2800"/>
    <point speed="100" x="1568" y="2768"/>
    <point speed="100" x="1632" y="2720"/>
    <point speed="100" x="1680" y="2720"/>
    <point speed="100" x="1696" y="2720"/>
  </points>
  <backgroundRoom>room_pinball_act2</backgroundRoom>
  <closed>false</closed>
  <precision>4</precision>
  <smooth>true</smooth>
  <snap x="16" y="16"/>
</path>
