<?xml version="1.0" encoding="UTF-8" standalone="no"?>
<path>
  <points>
    <point speed="100" x="7264" y="2384"/>
    <point speed="100" x="7104" y="2384"/>
    <point speed="100" x="7056" y="2448"/>
    <point speed="100" x="7056" y="2752"/>
    <point speed="100" x="7072" y="2880"/>
    <point speed="100" x="7136" y="3072"/>
    <point speed="100" x="7328" y="2944"/>
    <point speed="100" x="7488" y="3056"/>
    <point speed="100" x="7744" y="2944"/>
    <point speed="100" x="7808" y="2976"/>
    <point speed="100" x="8080" y="3056"/>
    <point speed="100" x="8256" y="2960"/>
    <point speed="100" x="8352" y="2960"/>
    <point speed="100" x="8544" y="2976"/>
    <point speed="100" x="8688" y="3088"/>
    <point speed="100" x="8848" y="3136"/>
    <point speed="100" x="8976" y="3136"/>
    <point speed="100" x="9072" y="3056"/>
    <point speed="100" x="9088" y="2928"/>
    <point speed="100" x="9088" y="2832"/>
    <point speed="100" x="9088" y="2656"/>
    <point speed="100" x="9184" y="2720"/>
  </points>
  <backgroundRoom>room_martian_act1</backgroundRoom>
  <closed>false</closed>
  <precision>4</precision>
  <smooth>true</smooth>
  <snap x="16" y="16"/>
</path>
