<?xml version="1.0" encoding="UTF-8" standalone="no"?>
<path>
  <points>
    <point speed="100" x="1472" y="2992"/>
    <point speed="100" x="1472" y="2896"/>
    <point speed="100" x="1440" y="2752"/>
    <point speed="100" x="1376" y="2512"/>
    <point speed="100" x="1392" y="2400"/>
    <point speed="100" x="1472" y="2288"/>
    <point speed="100" x="1568" y="2240"/>
    <point speed="100" x="1680" y="2192"/>
    <point speed="100" x="1776" y="2176"/>
    <point speed="100" x="1904" y="2176"/>
    <point speed="100" x="1952" y="2192"/>
    <point speed="100" x="2016" y="2224"/>
    <point speed="100" x="2080" y="2288"/>
    <point speed="100" x="2128" y="2352"/>
    <point speed="100" x="2128" y="2432"/>
    <point speed="100" x="2128" y="2528"/>
    <point speed="100" x="2144" y="2608"/>
    <point speed="100" x="2224" y="2688"/>
    <point speed="100" x="2272" y="2720"/>
    <point speed="100" x="2320" y="2752"/>
    <point speed="100" x="2368" y="2784"/>
    <point speed="100" x="2432" y="2800"/>
    <point speed="100" x="2480" y="2800"/>
  </points>
  <backgroundRoom>room_pinball_act2</backgroundRoom>
  <closed>false</closed>
  <precision>4</precision>
  <smooth>true</smooth>
  <snap x="16" y="16"/>
</path>
