<?xml version="1.0" encoding="UTF-8" standalone="no"?>
<path>
  <points>
    <point speed="100" x="1232" y="2848"/>
    <point speed="100" x="1312" y="2768"/>
    <point speed="100" x="1360" y="2736"/>
    <point speed="100" x="1424" y="2720"/>
    <point speed="100" x="1488" y="2704"/>
    <point speed="100" x="1552" y="2720"/>
    <point speed="100" x="1632" y="2768"/>
    <point speed="100" x="1680" y="2800"/>
    <point speed="100" x="1728" y="2896"/>
    <point speed="100" x="1728" y="2992"/>
    <point speed="100" x="1728" y="3120"/>
  </points>
  <backgroundRoom>room_pinball_act1</backgroundRoom>
  <closed>false</closed>
  <precision>4</precision>
  <smooth>true</smooth>
  <snap x="16" y="16"/>
</path>
