<?xml version="1.0" encoding="UTF-8" standalone="no"?>
<path>
  <points>
    <point speed="100" x="3520" y="2560"/>
    <point speed="100" x="3552" y="2672"/>
    <point speed="100" x="3648" y="2768"/>
    <point speed="100" x="3776" y="2784"/>
    <point speed="100" x="3888" y="2768"/>
    <point speed="100" x="3968" y="2704"/>
    <point speed="100" x="4000" y="2640"/>
    <point speed="100" x="4032" y="2560"/>
    <point speed="100" x="4032" y="2496"/>
    <point speed="100" x="4032" y="2432"/>
    <point speed="100" x="4016" y="2320"/>
    <point speed="100" x="3904" y="2320"/>
    <point speed="100" x="3904" y="2432"/>
    <point speed="100" x="3904" y="2432"/>
  </points>
  <backgroundRoom>room_pinball_act2</backgroundRoom>
  <closed>false</closed>
  <precision>4</precision>
  <smooth>true</smooth>
  <snap x="16" y="16"/>
</path>
