<?xml version="1.0" encoding="UTF-8" standalone="no"?>
<path>
  <points>
    <point speed="100" x="2288" y="2208"/>
    <point speed="100" x="2160" y="2272"/>
    <point speed="100" x="2112" y="2448"/>
    <point speed="100" x="2144" y="2608"/>
    <point speed="100" x="2224" y="2688"/>
    <point speed="100" x="2272" y="2720"/>
    <point speed="100" x="2320" y="2752"/>
    <point speed="100" x="2368" y="2784"/>
    <point speed="100" x="2432" y="2800"/>
    <point speed="100" x="2480" y="2800"/>
  </points>
  <backgroundRoom>room_pinball_act2</backgroundRoom>
  <closed>false</closed>
  <precision>4</precision>
  <smooth>true</smooth>
  <snap x="16" y="16"/>
</path>
