<?xml version="1.0" encoding="UTF-8" standalone="no"?>
<path>
  <points>
    <point speed="100" x="3392" y="3232"/>
    <point speed="100" x="3392" y="2112"/>
    <point speed="100" x="3344" y="2016"/>
    <point speed="100" x="3248" y="1968"/>
    <point speed="100" x="3152" y="1968"/>
    <point speed="100" x="3088" y="1984"/>
    <point speed="100" x="3040" y="2048"/>
    <point speed="100" x="3008" y="2096"/>
    <point speed="100" x="3008" y="2144"/>
  </points>
  <backgroundRoom>room_pinball_act1</backgroundRoom>
  <closed>false</closed>
  <precision>4</precision>
  <smooth>true</smooth>
  <snap x="16" y="16"/>
</path>
