<?xml version="1.0" encoding="UTF-8" standalone="no"?>
<path>
  <points>
    <point speed="100" x="1344" y="1920"/>
    <point speed="100" x="1344" y="2000"/>
    <point speed="100" x="1280" y="2080"/>
    <point speed="100" x="1200" y="2144"/>
    <point speed="100" x="1136" y="2272"/>
    <point speed="100" x="1104" y="2384"/>
    <point speed="100" x="1168" y="2592"/>
    <point speed="100" x="1200" y="2640"/>
    <point speed="100" x="1232" y="2656"/>
    <point speed="100" x="1264" y="2656"/>
    <point speed="100" x="1312" y="2640"/>
    <point speed="100" x="1392" y="2608"/>
    <point speed="100" x="1408" y="2656"/>
    <point speed="100" x="1456" y="2816"/>
    <point speed="100" x="1472" y="2880"/>
    <point speed="100" x="1472" y="2944"/>
  </points>
  <backgroundRoom>room_pinball_act2</backgroundRoom>
  <closed>false</closed>
  <precision>4</precision>
  <smooth>true</smooth>
  <snap x="16" y="16"/>
</path>
