<?xml version="1.0" encoding="UTF-8" standalone="no"?>
<path>
  <points>
    <point speed="100" x="3152" y="3104"/>
    <point speed="100" x="3200" y="3120"/>
    <point speed="100" x="3344" y="3168"/>
    <point speed="100" x="3424" y="3232"/>
    <point speed="100" x="3504" y="3312"/>
    <point speed="100" x="3520" y="3360"/>
    <point speed="100" x="3520" y="3392"/>
  </points>
  <backgroundRoom>room_pinball_act2</backgroundRoom>
  <closed>false</closed>
  <precision>4</precision>
  <smooth>true</smooth>
  <snap x="16" y="16"/>
</path>
