<?xml version="1.0" encoding="UTF-8" standalone="no"?>
<path>
  <points>
    <point speed="100" x="8112" y="1584"/>
    <point speed="100" x="8416" y="1632"/>
    <point speed="100" x="8480" y="1680"/>
    <point speed="100" x="8496" y="1744"/>
    <point speed="100" x="8480" y="1808"/>
    <point speed="100" x="8416" y="1824"/>
    <point speed="100" x="8128" y="1840"/>
    <point speed="100" x="8096" y="1888"/>
    <point speed="100" x="8112" y="1952"/>
    <point speed="100" x="8384" y="1968"/>
    <point speed="100" x="8416" y="1984"/>
    <point speed="100" x="8448" y="2048"/>
    <point speed="100" x="8464" y="2096"/>
    <point speed="100" x="8448" y="2144"/>
    <point speed="100" x="8400" y="2160"/>
    <point speed="100" x="8128" y="2176"/>
    <point speed="100" x="8096" y="2240"/>
    <point speed="100" x="8112" y="2304"/>
    <point speed="100" x="8144" y="2336"/>
    <point speed="100" x="8256" y="2352"/>
    <point speed="100" x="8336" y="2368"/>
    <point speed="100" x="8464" y="2384"/>
    <point speed="100" x="8496" y="2400"/>
    <point speed="100" x="8496" y="2432"/>
    <point speed="100" x="8496" y="2464"/>
    <point speed="100" x="8496" y="2496"/>
    <point speed="100" x="8480" y="2528"/>
    <point speed="100" x="8320" y="2576"/>
    <point speed="100" x="8176" y="2576"/>
    <point speed="100" x="8128" y="2624"/>
    <point speed="100" x="8128" y="2672"/>
    <point speed="100" x="8128" y="2816"/>
    <point speed="100" x="8144" y="2864"/>
    <point speed="100" x="8192" y="2880"/>
    <point speed="100" x="8576" y="2880"/>
    <point speed="100" x="8672" y="2832"/>
    <point speed="100" x="8656" y="2608"/>
    <point speed="100" x="8688" y="2576"/>
    <point speed="100" x="8720" y="2576"/>
    <point speed="100" x="8736" y="2608"/>
  </points>
  <backgroundRoom>room_martian_act2</backgroundRoom>
  <closed>false</closed>
  <precision>4</precision>
  <smooth>true</smooth>
  <snap x="16" y="16"/>
</path>
