<?xml version="1.0" encoding="UTF-8" standalone="no"?>
<path>
  <points>
    <point speed="100" x="6208" y="2880"/>
    <point speed="100" x="6240" y="2800"/>
    <point speed="100" x="6288" y="2736"/>
    <point speed="100" x="6336" y="2688"/>
    <point speed="100" x="6448" y="2624"/>
    <point speed="100" x="6576" y="2592"/>
    <point speed="100" x="6656" y="2592"/>
    <point speed="100" x="7232" y="2592"/>
  </points>
  <backgroundRoom>room_pinball_act2</backgroundRoom>
  <closed>false</closed>
  <precision>4</precision>
  <smooth>true</smooth>
  <snap x="16" y="16"/>
</path>
