<?xml version="1.0" encoding="UTF-8" standalone="no"?>
<path>
  <points>
    <point speed="100" x="4160" y="2736"/>
    <point speed="100" x="4128" y="2672"/>
    <point speed="100" x="4080" y="2624"/>
    <point speed="100" x="4016" y="2592"/>
    <point speed="100" x="3920" y="2592"/>
    <point speed="100" x="3808" y="2656"/>
    <point speed="100" x="3776" y="2752"/>
    <point speed="100" x="3776" y="3472"/>
  </points>
  <backgroundRoom>room_pinball_act1</backgroundRoom>
  <closed>false</closed>
  <precision>4</precision>
  <smooth>true</smooth>
  <snap x="16" y="16"/>
</path>
