<?xml version="1.0" encoding="UTF-8" standalone="no"?>
<path>
  <points>
    <point speed="100" x="4032" y="2560"/>
    <point speed="100" x="4016" y="2656"/>
    <point speed="100" x="3904" y="2752"/>
    <point speed="100" x="3808" y="2784"/>
    <point speed="100" x="3744" y="2784"/>
    <point speed="100" x="3664" y="2752"/>
    <point speed="100" x="3584" y="2688"/>
    <point speed="100" x="3536" y="2608"/>
    <point speed="100" x="3520" y="2528"/>
    <point speed="100" x="3520" y="2448"/>
    <point speed="100" x="3520" y="2352"/>
    <point speed="100" x="3520" y="2224"/>
    <point speed="100" x="3504" y="2096"/>
    <point speed="100" x="3392" y="2096"/>
    <point speed="100" x="3392" y="2192"/>
  </points>
  <backgroundRoom>room_pinball_act2</backgroundRoom>
  <closed>false</closed>
  <precision>4</precision>
  <smooth>true</smooth>
  <snap x="16" y="16"/>
</path>
