<?xml version="1.0" encoding="UTF-8" standalone="no"?>
<resources>
  <resource name="sprite_mesh" type="RESOURCE"/>
  <resource name="sprite_sand_16x16" type="RESOURCE"/>
  <resource name="sprite_sand_32x32" type="RESOURCE"/>
  <resource name="sprite_sand_64x64" type="RESOURCE"/>
  <resource name="sprite_sand_128x128" type="RESOURCE"/>
  <resource name="sprite_sand_256x256" type="RESOURCE"/>
  <resource name="sprite_sand_slope_left" type="RESOURCE"/>
  <resource name="sprite_sand_slope_left_steep" type="RESOURCE"/>
  <resource name="sprite_sand_slope_right" type="RESOURCE"/>
  <resource name="sprite_rock" type="RESOURCE"/>
  <resource name="sprite_rock_bottom" type="RESOURCE"/>
  <resource name="sprite_rock_left" type="RESOURCE"/>
  <resource name="sprite_rock_top_left" type="RESOURCE"/>
  <resource name="sprite_rock_top" type="RESOURCE"/>
  <resource name="sprite_rock_right" type="RESOURCE"/>
  <resource name="sprite_rock_bottom_right" type="RESOURCE"/>
  <resource name="sprite_metal" type="RESOURCE"/>
  <resource name="sprite_mesh_slope" type="RESOURCE"/>
  <resource name="sprite_mesh_slope_negitive" type="RESOURCE"/>
  <resource name="sprite_line_horizontal" type="RESOURCE"/>
  <resource name="sprite_line_vertical" type="RESOURCE"/>
  <resource name="sprite_mesh_front" type="RESOURCE"/>
  <resource name="sprite_line_horizontal_front" type="RESOURCE"/>
  <resource name="sprite_line_vertical_front" type="RESOURCE"/>
  <resource name="sprite_mesh_slope_backwards_negitive" type="RESOURCE"/>
  <resource name="sprite_mesh_slope_backwards" type="RESOURCE"/>
</resources>
