<?xml version="1.0" encoding="UTF-8" standalone="no"?>
<resources>
  <resource name="room_start" type="RESOURCE"/>
  <resource name="room_extra_terrestrial_act1" type="RESOURCE"/>
  <resource name="room_extra_terrestrial_act2" type="RESOURCE"/>
  <resource name="room_martian_act1" type="RESOURCE"/>
  <resource name="room_martian_act2" type="RESOURCE"/>
  <resource name="room_pinball_act1" type="RESOURCE"/>
  <resource name="room_pinball_act2" type="RESOURCE"/>
  <resource name="room_credits" type="RESOURCE"/>
</resources>
