<?xml version="1.0" encoding="UTF-8" standalone="no"?>
<room>
  <caption/>
  <size height="720" width="1280"/>
  <grid>
    <isometric>false</isometric>
    <snap x="16" y="16"/>
  </grid>
  <speed>30</speed>
  <persistent>false</persistent>
  <creationCode/>
  <backgroundColor>000000</backgroundColor>
  <drawBackgroundColor>true</drawBackgroundColor>
  <backgrounds>
    <backgroundDef>
      <visibleOnRoomStart>false</visibleOnRoomStart>
      <isForeground>false</isForeground>
      <backgroundImage/>
      <offset x="0" y="0"/>
      <speed x="0" y="0"/>
      <tileHorizontally>true</tileHorizontally>
      <tileVertically>true</tileVertically>
      <stretch>false</stretch>
    </backgroundDef>
    <backgroundDef>
      <visibleOnRoomStart>false</visibleOnRoomStart>
      <isForeground>false</isForeground>
      <backgroundImage/>
      <offset x="0" y="0"/>
      <speed x="0" y="0"/>
      <tileHorizontally>true</tileHorizontally>
      <tileVertically>true</tileVertically>
      <stretch>false</stretch>
    </backgroundDef>
    <backgroundDef>
      <visibleOnRoomStart>false</visibleOnRoomStart>
      <isForeground>false</isForeground>
      <backgroundImage/>
      <offset x="0" y="0"/>
      <speed x="0" y="0"/>
      <tileHorizontally>true</tileHorizontally>
      <tileVertically>true</tileVertically>
      <stretch>false</stretch>
    </backgroundDef>
    <backgroundDef>
      <visibleOnRoomStart>false</visibleOnRoomStart>
      <isForeground>false</isForeground>
      <backgroundImage/>
      <offset x="0" y="0"/>
      <speed x="0" y="0"/>
      <tileHorizontally>true</tileHorizontally>
      <tileVertically>true</tileVertically>
      <stretch>false</stretch>
    </backgroundDef>
    <backgroundDef>
      <visibleOnRoomStart>false</visibleOnRoomStart>
      <isForeground>false</isForeground>
      <backgroundImage/>
      <offset x="0" y="0"/>
      <speed x="0" y="0"/>
      <tileHorizontally>true</tileHorizontally>
      <tileVertically>true</tileVertically>
      <stretch>false</stretch>
    </backgroundDef>
    <backgroundDef>
      <visibleOnRoomStart>false</visibleOnRoomStart>
      <isForeground>false</isForeground>
      <backgroundImage/>
      <offset x="0" y="0"/>
      <speed x="0" y="0"/>
      <tileHorizontally>true</tileHorizontally>
      <tileVertically>true</tileVertically>
      <stretch>false</stretch>
    </backgroundDef>
    <backgroundDef>
      <visibleOnRoomStart>false</visibleOnRoomStart>
      <isForeground>false</isForeground>
      <backgroundImage/>
      <offset x="0" y="0"/>
      <speed x="0" y="0"/>
      <tileHorizontally>true</tileHorizontally>
      <tileVertically>true</tileVertically>
      <stretch>false</stretch>
    </backgroundDef>
    <backgroundDef>
      <visibleOnRoomStart>false</visibleOnRoomStart>
      <isForeground>false</isForeground>
      <backgroundImage/>
      <offset x="0" y="0"/>
      <speed x="0" y="0"/>
      <tileHorizontally>true</tileHorizontally>
      <tileVertically>true</tileVertically>
      <stretch>false</stretch>
    </backgroundDef>
  </backgrounds>
  <enableViews>false</enableViews>
  <instances>
    <instance>
      <object>object_Start_Control</object>
      <position x="0" y="0"/>
      <creationCode/>
      <locked>false</locked>
    </instance>
  </instances>
  <tiles/>
  <editorSettings remember="false"/>
</room>
