<?xml version="1.0" encoding="UTF-8" standalone="no"?>
<event category="COLLISION" with="object_Sonic">
  <actions>
    <action id="603" library="1">
      <!--action name: Code-->
      <kind>CODE</kind>
      <allowRelative>false</allowRelative>
      <question>false</question>
      <canApplyTo>true</canApplyTo>
      <actionType>CODE</actionType>
      <functionName/>
      <relative>false</relative>
      <not>false</not>
      <appliesTo>.self</appliesTo>
      <arguments>
        <argument kind="STRING">if (!on_path) {
    if (backwards) {
        path_start(path_cable_car_backwards, 6, 0, false);
    } else {
        path_start(path_cable_car, 6, 0, false);
    }
    for (i = 0; i &lt; 3; i += 1) {
        with (platforms[i]) {
             if (other.backwards) {
                path_start(path_cable_car_backwards, 6, 0, false);
            } else {
                path_start(path_cable_car, 6, 0, false);
            }
        }
    }
    on_path = true;
}
</argument>
      </arguments>
    </action>
  </actions>
</event>
