<?xml version="1.0" encoding="UTF-8" standalone="no"?>
<event category="STEP" id="0">
  <actions>
    <action id="603" library="1">
      <!--action name: Code-->
      <kind>CODE</kind>
      <allowRelative>false</allowRelative>
      <question>false</question>
      <canApplyTo>true</canApplyTo>
      <actionType>CODE</actionType>
      <functionName/>
      <relative>false</relative>
      <not>false</not>
      <appliesTo>.self</appliesTo>
      <arguments>
        <argument kind="STRING">if (y &gt; room_height or place_meeting(x, y, object_Spikes)) {
    path_end();
    x = xstart;
    y = ystart;
    for (i = 0; i &lt; 3; i += 1) {
        with (platforms[i]) {
            path_end();
            x = xstart;
            y = ystart;    
        }
    }
    on_path = false;
}</argument>
      </arguments>
    </action>
  </actions>
</event>
