<?xml version="1.0" encoding="UTF-8" standalone="no"?>
<event category="STEP" id="0">
  <actions>
    <action id="603" library="1">
      <!--action name: Code-->
      <kind>CODE</kind>
      <allowRelative>false</allowRelative>
      <question>false</question>
      <canApplyTo>true</canApplyTo>
      <actionType>CODE</actionType>
      <functionName/>
      <relative>false</relative>
      <not>false</not>
      <appliesTo>.self</appliesTo>
      <arguments>
        <argument kind="STRING">if ((y &gt; 368 &amp;&amp; object_Sonic.act == 3) || (y &gt; 1728 &amp;&amp; object_Sonic.act == 2)) {
    if (place_meeting(x, y - 2, object_Sonic)) {
        vspeed = -5;
        //object_Sonic.left_bound = 9328;
        object_Sonic.vspeed = -5;
    }
} else {
    if (object_Sonic.act == 3) {
        y = 368;
    } else {
        y = 1728;
    }
}</argument>
      </arguments>
    </action>
  </actions>
</event>
