<?xml version="1.0" encoding="UTF-8" standalone="no"?>
<event category="CREATE" id="0">
  <actions>
    <action id="603" library="1">
      <!--action name: Code-->
      <kind>CODE</kind>
      <allowRelative>false</allowRelative>
      <question>false</question>
      <canApplyTo>true</canApplyTo>
      <actionType>CODE</actionType>
      <functionName/>
      <relative>false</relative>
      <not>false</not>
      <appliesTo>.self</appliesTo>
      <arguments>
        <argument kind="STRING">if (height == 0) {
    height = 128;
    if (speed_ == 0) {speed_ = 2;}
} else {
    speed_ = 4;
}

//if (x == 4736) {y -= 128;}

edge[0] = instance_create(x, y, object_Platform);
edge[1] = instance_create(x + 32, y, object_Platform);
edge[2] = instance_create(x + 64, y, object_Platform);
edge[3] = instance_create(x + 96, y, object_Platform);
edge[4] = instance_create(x, y, object_Wall);
edge[5] = instance_create(x, y + 32, object_Wall);
edge[6] = instance_create(x, y + (sprite_height - 64), object_Wall);
edge[7] = instance_create(x, y + (sprite_height - 32), object_Wall);
edge[8] = instance_create(x + sprite_width, y, object_Wall);
edge[9] = instance_create(x + sprite_width, y + 32, object_Wall);
edge[10] = instance_create(x + sprite_width, y + (sprite_height - 64), object_Wall);
edge[11] = instance_create(x + sprite_width, y + (sprite_height - 32), object_Wall);
edge[12] = instance_create(x, y + sprite_height, object_Top);
edge[13] = instance_create(x + 32, y + sprite_height, object_Top);
edge[14] = instance_create(x + 64, y + sprite_height, object_Top);
edge[15] = instance_create(x + 96, y + sprite_height, object_Top);</argument>
      </arguments>
    </action>
  </actions>
</event>
