<?xml version="1.0" encoding="UTF-8" standalone="no"?>
<event category="STEP" id="0">
  <actions>
    <action id="603" library="1">
      <!--action name: Code-->
      <kind>CODE</kind>
      <allowRelative>false</allowRelative>
      <question>false</question>
      <canApplyTo>true</canApplyTo>
      <actionType>CODE</actionType>
      <functionName/>
      <relative>false</relative>
      <not>false</not>
      <appliesTo>.self</appliesTo>
      <arguments>
        <argument kind="STRING">var on_platform;
with (object_Sonic) {
    if (place_meeting(x, y + 8, object_Platform) &amp;&amp; !place_meeting(x, y, object_Top)) {
        on_platform = true;
    }
}

if (on_platform) {script_stay_on_platform();}

if (x == 4736 || x == 5632) {
    if (y &lt;= ystart) {
        dir = 1;
    } else if (y &gt;= ystart + height) {
        dir = -1;
    }
} else {
    if (y &gt;= ystart) {
        dir = -1;
    } else if (y &lt;= ystart - height) {
        dir = 1;
    }
}

if (dir == 1) {
    if (vspeed &lt; speed_) {vspeed += 1;}
} else if (dir == -1) {
    if (vspeed &gt; -speed_) {vspeed -= 1;}
}

var i;
for (i = 0; i &lt; 16; i += 1) {
    edge[i].vspeed = vspeed;
}

for (i = 12; i &lt; 16; i += 1) {
    with(edge[i]) {
        if (place_meeting(x, y, object_Sonic)) {
            with (object_Sonic) {
                if (place_meeting(x, y + 1, object_Platform)) {
                    script_die();
                    exit;
                }
            }
        }
    }
}</argument>
      </arguments>
    </action>
  </actions>
</event>
