<?xml version="1.0" encoding="UTF-8" standalone="no"?>
<path>
  <points>
    <point speed="100" x="5184" y="2592"/>
    <point speed="100" x="5184" y="2736"/>
    <point speed="100" x="4576" y="2736"/>
    <point speed="100" x="4432" y="2880"/>
    <point speed="100" x="4432" y="3040"/>
    <point speed="100" x="4512" y="3120"/>
    <point speed="100" x="5312" y="3120"/>
    <point speed="100" x="5312" y="3456"/>
  </points>
  <backgroundRoom>room_pinball_act2</backgroundRoom>
  <closed>false</closed>
  <precision>4</precision>
  <smooth>false</smooth>
  <snap x="16" y="16"/>
</path>
