<?xml version="1.0" encoding="UTF-8" standalone="no"?>
<event category="STEP" id="0">
  <actions>
    <action id="603" library="1">
      <!--action name: Code-->
      <kind>CODE</kind>
      <allowRelative>false</allowRelative>
      <question>false</question>
      <canApplyTo>true</canApplyTo>
      <actionType>CODE</actionType>
      <functionName/>
      <relative>false</relative>
      <not>false</not>
      <appliesTo>.self</appliesTo>
      <arguments>
        <argument kind="STRING">if (object_Sonic.x &gt; x - 192 &amp;&amp; object_Sonic.x &lt; x + 256) {
    if (object_Sonic.y &gt; y &amp;&amp; object_Sonic.y &lt; y + 320) {
        //object_Sonic.vspeed += round(((320 - (object_Sonic.y - y)) - abs(x - object_Sonic.x)) / 30);
        object_Sonic.y += round(((320 - (object_Sonic.y - y)) - abs(x - object_Sonic.x)) / 10);

    }
}</argument>
      </arguments>
    </action>
  </actions>
</event>
