<?xml version="1.0" encoding="UTF-8" standalone="no"?>
<resources>
  <resource name="object_Mesh" type="RESOURCE"/>
  <resource name="object_Sand_16x16" type="RESOURCE"/>
  <resource name="object_Sand_32x32" type="RESOURCE"/>
  <resource name="object_Sand_64x64" type="RESOURCE"/>
  <resource name="object_Sand_128x128" type="RESOURCE"/>
  <resource name="object_Sand_256x256" type="RESOURCE"/>
  <resource name="object_Sand_Slope_Left" type="RESOURCE"/>
  <resource name="object_Sand_Slope_Left_Steep" type="RESOURCE"/>
  <resource name="object_Sand_Slope_Right" type="RESOURCE"/>
  <resource name="object_Rock" type="RESOURCE"/>
  <resource name="object_Rock_Bottom_Left" type="RESOURCE"/>
  <resource name="object_Rock_Bottom" type="RESOURCE"/>
  <resource name="object_Rock_Left" type="RESOURCE"/>
  <resource name="object_Rock_Top_Left" type="RESOURCE"/>
  <resource name="object_Rock_Top" type="RESOURCE"/>
  <resource name="object_Rock_Bottom_Right" type="RESOURCE"/>
  <resource name="object_Rock_Right" type="RESOURCE"/>
  <resource name="object_Metal" type="RESOURCE"/>
  <resource name="object_Mesh_Slope" type="RESOURCE"/>
  <resource name="object_Mesh_Slope_Negitive" type="RESOURCE"/>
  <resource name="object_Line_Horizontal" type="RESOURCE"/>
  <resource name="object_Line_Vertical" type="RESOURCE"/>
  <resource name="object_Mesh_Front" type="RESOURCE"/>
  <resource name="object_Line_Horizontal_Front" type="RESOURCE"/>
  <resource name="object_Line_Vertical_Front" type="RESOURCE"/>
  <resource name="sprite_Mesh_Slope_Backwards" type="RESOURCE"/>
  <resource name="sprite_Mesh_Slope_Backwards_Negitive" type="RESOURCE"/>
</resources>
