<?xml version="1.0" encoding="UTF-8" standalone="no"?>
<event category="CREATE" id="0">
  <actions>
    <action id="603" library="1">
      <!--action name: Code-->
      <kind>CODE</kind>
      <allowRelative>false</allowRelative>
      <question>false</question>
      <canApplyTo>true</canApplyTo>
      <actionType>CODE</actionType>
      <functionName/>
      <relative>false</relative>
      <not>false</not>
      <appliesTo>.self</appliesTo>
      <arguments>
        <argument kind="STRING">if (right) {
    spikes = instance_create(x + sprite_width, y, object_Spikes_Right);
} else {
    spikes = instance_create(x, y, object_Spikes_Left);
}

var i;
for (i = 0; i &lt; sprite_width / 32; i += 1) {
    platforms[i] = instance_create(x + (i * 32), y, object_Platform);
    tops[i] = instance_create(x + (i * 32), y + sprite_height, object_Top);
}
for (i = 0; i &lt; sprite_height / 32; i += 1) {
    walls_left[i] = instance_create(x, y + (i * 32), object_Wall);
    walls_right[i] = instance_create(x + sprite_width, y + (i * 32), object_Wall);
}</argument>
      </arguments>
    </action>
  </actions>
</event>
