<?xml version="1.0" encoding="UTF-8" standalone="no"?>
<event category="STEP" id="0">
  <actions>
    <action id="603" library="1">
      <!--action name: Code-->
      <kind>CODE</kind>
      <allowRelative>false</allowRelative>
      <question>false</question>
      <canApplyTo>true</canApplyTo>
      <actionType>CODE</actionType>
      <functionName/>
      <relative>false</relative>
      <not>false</not>
      <appliesTo>.self</appliesTo>
      <arguments>
        <argument kind="STRING">if (clock &lt; 200 + offset) {
    if ((x &lt; xstart + sprite_width &amp;&amp; !right) || (x &gt; xstart - sprite_width &amp;&amp; right)) {
        move = 4;
    } else {
        move = 0;
    }
} else {
    if ((x &gt; xstart &amp;&amp; !right) || (x &lt; xstart &amp;&amp; right)) {
        move = -4;
    } else {
        move = 0;
    }
}

if (right) {move *= -1;}

x += move;
spikes.x += move;
var i;
for (i = 0; i &lt; 6; i += 1) {
    platforms[i].x += move;
    tops[i].x += move;
}
for (i = 0; i &lt; 2; i += 1) {
    walls_left[i].x += move;
    walls_right[i].x += move;
}


clock += 1;

if (clock &gt; 400 + offset) {clock = offset;}</argument>
      </arguments>
    </action>
  </actions>
</event>
