<?xml version="1.0" encoding="UTF-8" standalone="no"?>
<resources>
  <resource name="sound_boss_hit" type="RESOURCE"/>
  <resource name="sound_lamp_post" type="RESOURCE"/>
  <resource name="sound_loose_rings" type="RESOURCE"/>
  <resource name="sound_mob_kill" type="RESOURCE"/>
  <resource name="sound_ring_left" type="RESOURCE"/>
  <resource name="sound_ring_right" type="RESOURCE"/>
  <resource name="sound_shield" type="RESOURCE"/>
  <resource name="sound_spring" type="RESOURCE"/>
  <resource name="sound_star" type="RESOURCE"/>
  <resource name="sound_die" type="RESOURCE"/>
  <resource name="sound_switch" type="RESOURCE"/>
  <resource name="sound_jump" type="RESOURCE"/>
  <resource name="sound_spin" type="RESOURCE"/>
  <resource name="sound_woosh" type="RESOURCE"/>
  <resource name="sound_flipper" type="RESOURCE"/>
</resources>
