<?xml version="1.0" encoding="UTF-8" standalone="no"?>
<event category="STEP" id="0">
  <actions>
    <action id="603" library="1">
      <!--action name: Code-->
      <kind>CODE</kind>
      <allowRelative>false</allowRelative>
      <question>false</question>
      <canApplyTo>true</canApplyTo>
      <actionType>CODE</actionType>
      <functionName/>
      <relative>false</relative>
      <not>false</not>
      <appliesTo>.self</appliesTo>
      <arguments>
        <argument kind="STRING">if (x &lt;= xstart) {
    dir = 1;
} else if (x &gt;= 3968) {
    dir = -1;
}

if (dir == 1) {
    if (hspeed &lt; 4) {hspeed += 1;}
} else if (dir == -1) {
    if (hspeed &gt; -4) {hspeed -= 1;}
}

var i;
for (i = 0; i &lt; 12; i += 1) {
    edge[i].hspeed = hspeed;
}</argument>
      </arguments>
    </action>
  </actions>
</event>
