<?xml version="1.0" encoding="UTF-8" standalone="no"?>
<event category="DRAW" id="0">
  <actions>
    <action id="603" library="1">
      <!--action name: Code-->
      <kind>CODE</kind>
      <allowRelative>false</allowRelative>
      <question>false</question>
      <canApplyTo>true</canApplyTo>
      <actionType>CODE</actionType>
      <functionName/>
      <relative>false</relative>
      <not>false</not>
      <appliesTo>.self</appliesTo>
      <arguments>
        <argument kind="STRING">draw_set_halign(fa_center);
draw_set_valign(fa_middle);
draw_set_font(font_title);
draw_set_color(c_white);
draw_set_alpha(fade);
if (credits_stage == 0) {
    draw_text(room_width / 2, room_height / 2, "Level Designer:#Dominic Grace");
} else if (credits_stage == 1) {
    draw_text(room_width / 2, room_height / 2, "Programmer:#Stefan Grace");
} else if (credits_stage == 2) {
    draw_text(room_width / 2, 80, "Music:");
    draw_set_halign(fa_left);
    draw_set_font(font_display);
    draw_text(64, room_height / 2, "#Extra-Terrestrial: Kevin MacLeod - 8bit Dungeon Boss"
    + "##Martian: Kevin MacLeod - Secret of Tiki Island"
    + "##Pinball: Kevin MacLeod - Pookatori and Friends");
} else if (credits_stage == 3) {
    draw_text(room_width / 2, 80, "Graphics:");
    draw_set_halign(fa_left);
    draw_set_font(font_display);
    draw_text(64, room_height / 2, "#Martian Mob: Drawn by Stefan Grace (MS Paint)"
    + "##Green Butterfly: Videoed by Debbie Grace, edited by Stefan Grace"
    + "##Rocket: Drawn by Stefan Grace (MS Paint)"
    + "##Black Hole: Drawn by Stefan Grace (MS Paint)"
    + "##Saw Bucket: Drawn by Stefan Grace (MS Paint)");
} else if (credits_stage == 4) {
    draw_text(room_width / 2, 80, "Graphics:");
    draw_set_halign(fa_left);
    draw_set_font(font_display);
    draw_text(64, room_height / 2, "#Arrow: Drawn by Stefan Grace (MS Paint)"
    + "##Wood: https://pixabay.com/photos/vintage-wood-texture-wooden-wall-1557993/"
    + "##Tornado: https://pixabay.com/vectors/tornado-storm-wind-rotation-46793/"
    + "##Pinball: Drawn by Stefan Grace (LibreOffice Draw)"
    + "##Bouncers: Drawn by Stefan Grace (MS Paint)");
} else if (credits_stage == 5) {
    draw_text(room_width / 2, room_height / 2, "Created With:#Game Maker 7.0 Pro");
} else {
    draw_set_valign(fa_top);
    draw_set_halign(fa_left);
    draw_sprite(sprite_level_select, 0, 300, 130);
    draw_text_color(700, 100, "Sonic The#Hedgehog", c_white, c_white, c_white, c_white, 1);
    draw_text_color(700, 270, "Dom", c_blue, c_blue, c_blue, c_blue, 1);
    draw_text_color(900, 270, "2", c_red, c_red, c_red, c_red, 1);
    draw_set_font(font_display);
    draw_set_halign(fa_center);
    draw_text_color(room_width / 2, room_height - 50, "Press R to restart, press Esc to exit", c_white, c_white, c_white, c_white, 1);
}
draw_set_alpha(1);</argument>
      </arguments>
    </action>
  </actions>
</event>
