<?xml version="1.0" encoding="UTF-8" standalone="no"?>
<event category="STEP" id="0">
  <actions>
    <action id="603" library="1">
      <!--action name: Code-->
      <kind>CODE</kind>
      <allowRelative>false</allowRelative>
      <question>false</question>
      <canApplyTo>true</canApplyTo>
      <actionType>CODE</actionType>
      <functionName/>
      <relative>false</relative>
      <not>false</not>
      <appliesTo>.self</appliesTo>
      <arguments>
        <argument kind="STRING">seconds += 1 / 30;

if (seconds &lt; 10) {

} else if (seconds &lt; 20) {
    if (!sound_isplaying(sound_extra_terrestrial)) {sound_play(sound_extra_terrestrial);}
    credits_stage = 1;
} else if (seconds &lt; 30) {
    if (!sound_isplaying(sound_martian)) {sound_play(sound_martian);}
    credits_stage = 2;
} else if (seconds &lt; 40) {
    if (!sound_isplaying(sound_martian)) {sound_play(sound_martian);}
    credits_stage = 3;
} else if (seconds &lt; 50) {
    if (!sound_isplaying(sound_pinball)) {sound_play(sound_pinball);}
    credits_stage = 4;
} else if (seconds &lt; 60) {
    if (!sound_isplaying(sound_pinball)) {sound_play(sound_pinball);}
    credits_stage = 5;
} else {
    if (!welcome_sound_has_played) {
        sound_play(sound_welcome);
        welcome_sound_has_played = true;
    }
    credits_stage = 6;
}

switch (floor(seconds) mod 10) {
    case 0: 
        fade = seconds mod 1;
        break;
    case 9:
        fade = 1 - seconds mod 1;
        break;
    default: 
        fade = 1;
        break;
}

if (keyboard_check(ord("R"))) {game_restart();}
</argument>
      </arguments>
    </action>
  </actions>
</event>
