<?xml version="1.0" encoding="UTF-8" standalone="no"?>
<event category="DRAW" id="0">
  <actions>
    <action id="603" library="1">
      <!--action name: Code-->
      <kind>CODE</kind>
      <allowRelative>false</allowRelative>
      <question>false</question>
      <canApplyTo>true</canApplyTo>
      <actionType>CODE</actionType>
      <functionName/>
      <relative>false</relative>
      <not>false</not>
      <appliesTo>.self</appliesTo>
      <arguments>
        <argument kind="STRING">if (!level_select) {
    draw_sprite_ext(sprite_dom, 0, 0, 0, 1, 1, 0, c_white, alpha_dom);
    draw_set_halign(fa_center);
    draw_set_valign(fa_middle);
    draw_set_font(font_title);
    draw_text_color(room_width / 2, room_height /2, "Designed by Dominic Grace#Programmed by Stefan Grace", c_white, c_white, c_white, c_white, alpha_credits);
    draw_set_valign(0);
    draw_sprite_ext(sprite_welcome, 0, 0, 0, 1, 1, 0, c_white, alpha_welcome);
} else {
    draw_sprite(sprite_level_select, 0, 970, 190);
    draw_set_halign(fa_left);
    draw_set_font(font_display);
    draw_set_color(c_white);
    var i;
    for (i = 0; i &lt; 3; i += 1) {
        zone_colors[i] = c_white;
        zone_colors[zone_select] = c_yellow; 
        zone_text = " Zone";
        draw_text_color(200, 200 + (i * 50), zones[i + 1] + " Zone", zone_colors[i], zone_colors[i],  zone_colors[i],  zone_colors[i], 1);
        draw_text(550, 200 + (i * 50), "Act");
        for (j = 0; j &lt; 2; j += 1) {
            act_colors[j] = c_white;
            if (zone_select == i) {act_colors[act_select] = c_yellow; }
            draw_text_color(610 + (j * 20), 200 + (i * 50), j + 1, act_colors[j], act_colors[j],  act_colors[j],  act_colors[j], 1);
        }
    }
}</argument>
      </arguments>
    </action>
  </actions>
</event>
