<?xml version="1.0" encoding="UTF-8" standalone="no"?>
<event category="STEP" id="0">
  <actions>
    <action id="603" library="1">
      <!--action name: Code-->
      <kind>CODE</kind>
      <allowRelative>false</allowRelative>
      <question>false</question>
      <canApplyTo>true</canApplyTo>
      <actionType>CODE</actionType>
      <functionName/>
      <relative>false</relative>
      <not>false</not>
      <appliesTo>.self</appliesTo>
      <arguments>
        <argument kind="STRING">if (time == 0) {alpha_dom = 1;}
if (time &gt; 2) {
    if (alpha_dom &gt; 0) {
        alpha_dom -= 1 / 15;
    } else if (alpha_credits &lt; 1 &amp;&amp; time &lt; 4.5) {
        alpha_credits += 1 / 15;
    } else if (time &gt; 4.5 &amp;&amp; alpha_credits &gt; 0) {
        alpha_credits -= 1 / 15;
        if (!sound_isplaying(sound_welcome)) {sound_play(sound_welcome);}
    } else if (time &gt; 4.5 &amp;&amp; alpha_credits &lt;= 0 &amp;&amp; alpha_welcome &lt; 1) {
        alpha_welcome += 1 / 15;
    }
}
time += 1 / 30;
if (keyboard_check(vk_enter)) {
    if (level_select){
        global.act_select = act_select;
        global.zone_select = zone_select;
    }
    room_goto_next();
}
if (keyboard_check(ord("A")) || keyboard_check(ord("D")) || keyboard_check(vk_space)) {
    level_select = true;
}

if (keyboard_check(ord("R"))) {game_restart();}</argument>
      </arguments>
    </action>
  </actions>
</event>
