<?xml version="1.0" encoding="UTF-8" standalone="no"?>
<event category="CREATE" id="0">
  <actions>
    <action id="603" library="1">
      <!--action name: Code-->
      <kind>CODE</kind>
      <allowRelative>false</allowRelative>
      <question>false</question>
      <canApplyTo>true</canApplyTo>
      <actionType>CODE</actionType>
      <functionName/>
      <relative>false</relative>
      <not>false</not>
      <appliesTo>.self</appliesTo>
      <arguments>
        <argument kind="STRING">switch (block_id) {
    case 0: // left
        left_x = xstart;
        left_y = ystart;
        break;
    case 1: // middle
        left_x = xstart - sprite_width;
        left_y = ystart + sprite_height;
        break;
    case 2: // right
        left_x = xstart - (sprite_width * 2);
        left_y = ystart;
        break;
}

var i;
for (i = 0; i &lt; sprite_width / 32; i += 1) {
    platforms[i] = instance_create(x + (i * 32), y, object_Platform);
    tops[i] = instance_create(x + (i * 32), y + sprite_height, object_Top);
}
for (i = 0; i &lt; sprite_height / 32; i += 1) {
    walls_left[i] = instance_create(x, y + (i * 32), object_Wall);
    walls_right[i] = instance_create(x + sprite_width, y + (i * 32), object_Wall);
}</argument>
      </arguments>
    </action>
  </actions>
</event>
