<?xml version="1.0" encoding="UTF-8" standalone="no"?>
<event category="STEP" id="2">
  <actions>
    <action id="603" library="1">
      <!--action name: Code-->
      <kind>CODE</kind>
      <allowRelative>false</allowRelative>
      <question>false</question>
      <canApplyTo>true</canApplyTo>
      <actionType>CODE</actionType>
      <functionName/>
      <relative>false</relative>
      <not>false</not>
      <appliesTo>.self</appliesTo>
      <arguments>
        <argument kind="STRING">var x_move y_move;
x_move = x - last_x;
y_move = y - last_y;

last_x = x;
last_y = y;

for (i = 0; i &lt; sprite_height / 32; i += 1) {
    with (walls_left[i]) {
        if (place_meeting(x, y, object_Sonic)) {
            object_Sonic.x += x_move;
            exit;
        }
    }
    with (walls_right[i]) {
        if (place_meeting(x, y, object_Sonic)) {
            with (object_Sonic) {
                if (place_meeting(x, y, object_Block_Crush_Detect)) {script_die();}
            }
            object_Sonic.x += x_move;
            exit;
        }
    }
}

for (i = 0; i &lt; sprite_width / 32; i += 1) {
    with (platforms[i]) {
        if (place_meeting(x, y - 8, object_Sonic)) {
            with (object_Sonic) {
                if (!place_meeting(x, y, object_Wall)) {
                    x += x_move;
                    y += y_move;
                }
            }
            exit;
        }
    }
    with (tops[i]) {
        if (place_meeting(x, y, object_Sonic) &amp;&amp; y_move &gt; 0) {
            with (object_Sonic) {script_die();}
            exit;
        }
    }
}</argument>
      </arguments>
    </action>
  </actions>
</event>
