<?xml version="1.0" encoding="UTF-8" standalone="no"?>
<event category="STEP" id="0">
  <actions>
    <action id="603" library="1">
      <!--action name: Code-->
      <kind>CODE</kind>
      <allowRelative>false</allowRelative>
      <question>false</question>
      <canApplyTo>true</canApplyTo>
      <actionType>CODE</actionType>
      <functionName/>
      <relative>false</relative>
      <not>false</not>
      <appliesTo>.self</appliesTo>
      <arguments>
        <argument kind="STRING">var x_move y_move;

if (x == left_x &amp;&amp; y &gt; left_y - sprite_height) {
    y_move = -4;
} else if (x &lt; left_x + (sprite_width * 2) &amp;&amp; y == left_y - sprite_height) {
    x_move = 4;
} else if (x == left_x + (sprite_width * 2) &amp;&amp; y &lt; left_y) {
    y_move = 4;
} else if (x &gt; left_x &amp;&amp; y == left_y) {
    x_move = -4;
}

x += x_move;
y += y_move;

var i;
for (i = 0; i &lt; sprite_width / 32; i += 1) {
    with (platforms[i]) {x += x_move; y += y_move;}
    with (tops[i]) {x += x_move; y += y_move;}
}
for (i = 0; i &lt; sprite_height / 32; i += 1) {
    with (walls_left[i]) {x += x_move; y += y_move;}
    with (walls_right[i]) {x += x_move; y += y_move;}
}</argument>
      </arguments>
    </action>
  </actions>
</event>
