<?xml version="1.0" encoding="UTF-8" standalone="no"?>
<resources>
  <resource name="sprite_dr_robonic" type="RESOURCE"/>
  <resource name="sprite_dr_robonic_hitting" type="RESOURCE"/>
  <resource name="sprite_dr_robonic_hit1" type="RESOURCE"/>
  <resource name="sprite_dr_robonic_hit2" type="RESOURCE"/>
  <resource name="sprite_dr_robonic_hit3" type="RESOURCE"/>
  <resource name="sprite_dr_robonic_hit4" type="RESOURCE"/>
  <resource name="sprite_dr_robonic_hit5" type="RESOURCE"/>
  <resource name="sprite_dr_robonic_hit6" type="RESOURCE"/>
  <resource name="sprite_dr_robonic_hit7" type="RESOURCE"/>
</resources>
