<?xml version="1.0" encoding="UTF-8" standalone="no"?>
<event category="CREATE" id="0">
  <actions>
    <action id="603" library="1">
      <!--action name: Code-->
      <kind>CODE</kind>
      <allowRelative>false</allowRelative>
      <question>false</question>
      <canApplyTo>true</canApplyTo>
      <actionType>CODE</actionType>
      <functionName/>
      <relative>false</relative>
      <not>false</not>
      <appliesTo>.self</appliesTo>
      <arguments>
        <argument kind="STRING">speed_path = 6
if (reverse) {
    speed_path *= -1
} 

var i;
for(i = 0; i &lt; 6; i += 1) {
    platform[i] = instance_create(x + (i * 32), y, object_Platform);
    with (platform[i]) {path_start(path_spike_ball, other.speed_path, 3, false);}
}

path_start(path_spike_ball, speed_path, 3, false);</argument>
      </arguments>
    </action>
  </actions>
</event>
