<?xml version="1.0" encoding="UTF-8" standalone="no"?>
<event category="ALARM" id="0">
  <actions>
    <action id="603" library="1">
      <!--action name: Code-->
      <kind>CODE</kind>
      <allowRelative>false</allowRelative>
      <question>false</question>
      <canApplyTo>true</canApplyTo>
      <actionType>CODE</actionType>
      <functionName/>
      <relative>false</relative>
      <not>false</not>
      <appliesTo>.self</appliesTo>
      <arguments>
        <argument kind="STRING">if (platforms_left_to_make &gt; 0) {
    platforms_left_to_make -= 1;
    rotating_platform = instance_create(xstart, ystart, object_Rotating_Platform);
    rotating_platform.has_spikes = has_spikes;
    alarm[0] = interval;
}</argument>
      </arguments>
    </action>
  </actions>
</event>
