<?xml version="1.0" encoding="UTF-8" standalone="no"?>
<event category="ALARM" id="1">
  <actions>
    <action id="603" library="1">
      <!--action name: Code-->
      <kind>CODE</kind>
      <allowRelative>false</allowRelative>
      <question>false</question>
      <canApplyTo>true</canApplyTo>
      <actionType>CODE</actionType>
      <functionName/>
      <relative>false</relative>
      <not>false</not>
      <appliesTo>.self</appliesTo>
      <arguments>
        <argument kind="STRING">if (has_spikes) {
    spikes = instance_create(x + 64, y + 32, object_Spikes_Upsidedown);
    with (spikes) {path_start(path_rotating_platform, 5, 1, false);}
}</argument>
      </arguments>
    </action>
  </actions>
</event>
