<?xml version="1.0" encoding="UTF-8" standalone="no"?>
<event category="STEP" id="0">
  <actions>
    <action id="603" library="1">
      <!--action name: Code-->
      <kind>CODE</kind>
      <allowRelative>false</allowRelative>
      <question>false</question>
      <canApplyTo>true</canApplyTo>
      <actionType>CODE</actionType>
      <functionName/>
      <relative>false</relative>
      <not>false</not>
      <appliesTo>.self</appliesTo>
      <arguments>
        <argument kind="STRING">var i;
for(i = 0; i &lt; 4; i += 1) {
    platform[i].x = other.x + (i * 32);
    platform[i].y = other.y;
}

if (y == ystart) {
    if (place_meeting(x, y - 16, object_Sonic)) {vspeed = 6;}
}

if (y &gt;= 1664) {
    vspeed = 0;
    hspeed = 6;
}

if (x &gt;= 3728) {
    hspeed = 0;
}

</argument>
      </arguments>
    </action>
  </actions>
</event>
